{"k": 0.0001141117411917821, "m": -0.9486109045272846}