{"k": 0.00011230044371254746, "m": -1.0682018205937516}