{"k": 0.0001124831046253236, "m": -1.04631783922476}